时间,开盘,收盘,最高,最低,成交量,成交额,均价
2026-04-20 09:30:00,0.0,48.71,48.71,48.71,4493,21885403.0,48.71
2026-04-20 09:31:00,0.0,48.84,48.94,48.51,14090,68627405.0,48.707
2026-04-20 09:32:00,0.0,48.99,49.05,48.48,10084,49171718.0,48.727
2026-04-20 09:33:00,0.0,49.18,49.3,49.0,6910,33953444.0,48.806
2026-04-20 09:34:00,0.0,49.44,49.48,49.21,7742,38142629.0,48.888
2026-04-20 09:35:00,0.0,49.33,49.5,49.23,8035,39689021.0,48.967
2026-04-20 09:36:00,0.0,49.38,49.51,49.3,6817,33708499.0,49.023
2026-04-20 09:37:00,0.0,49.26,49.38,49.12,5624,27675444.0,49.04
2026-04-20 09:38:00,0.0,49.21,49.36,49.18,4823,23756283.0,49.055
2026-04-20 09:39:00,0.0,49.35,49.35,49.21,3292,16218807.0,49.065
2026-04-20 09:40:00,0.0,49.2,49.35,49.19,4993,24583507.0,49.076
2026-04-20 09:41:00,0.0,49.6,49.6,49.19,4940,24383369.0,49.093
2026-04-20 09:42:00,0.0,49.5,49.77,49.44,6379,31643721.0,49.13
2026-04-20 09:43:00,0.0,49.55,49.62,49.4,4773,23629919.0,49.149
2026-04-20 09:44:00,0.0,49.7,49.7,49.49,3419,16956307.0,49.165
2026-04-20 09:45:00,0.0,49.69,49.9,49.69,9324,46438327.0,49.222
2026-04-20 09:46:00,0.0,49.84,49.84,49.7,5086,25304014.0,49.246
2026-04-20 09:47:00,0.0,49.75,49.84,49.65,4364,21699158.0,49.264
2026-04-20 09:48:00,0.0,49.76,49.76,49.66,3148,15652618.0,49.276
2026-04-20 09:49:00,0.0,49.65,49.79,49.63,3641,18091598.0,49.289
2026-04-20 09:50:00,0.0,50.11,50.14,49.67,7220,36031625.0,49.323
2026-04-20 09:51:00,0.0,50.36,50.38,50.13,9539,47873119.0,49.383
2026-04-20 09:52:00,0.0,50.2,50.45,50.19,8454,42568222.0,49.439
2026-04-20 09:53:00,0.0,50.13,50.21,50.04,4352,21810150.0,49.458
2026-04-20 09:54:00,0.0,50.12,50.14,50.02,4126,20667446.0,49.475
2026-04-20 09:55:00,0.0,50.23,50.25,50.13,4461,22397931.0,49.495
2026-04-20 09:56:00,0.0,50.04,50.14,50.0,3790,18963399.0,49.508
2026-04-20 09:57:00,0.0,50.16,50.17,50.09,2154,10797094.0,49.516
2026-04-20 09:58:00,0.0,50.14,50.24,50.12,3300,16564821.0,49.529
2026-04-20 09:59:00,0.0,50.2,50.2,50.14,1890,9482706.0,49.536
2026-04-20 10:00:00,0.0,50.12,50.22,50.12,2575,12918746.0,49.546
2026-04-20 10:01:00,0.0,50.03,50.13,50.01,5837,29204322.0,49.562
2026-04-20 10:02:00,0.0,50.35,50.35,50.04,3057,15355777.0,49.573
2026-04-20 10:03:00,0.0,50.28,50.37,50.26,3955,19912647.0,49.589
2026-04-20 10:04:00,0.0,50.23,50.29,50.22,2452,12325219.0,49.598
2026-04-20 10:05:00,0.0,50.16,50.17,50.0,3329,16667812.0,49.606
2026-04-20 10:06:00,0.0,50.39,50.39,50.2,2362,11886126.0,49.615
2026-04-20 10:07:00,0.0,50.3,50.46,50.3,3198,16113911.0,49.627
2026-04-20 10:08:00,0.0,50.48,50.48,50.3,1986,10003616.0,49.634
2026-04-20 10:09:00,0.0,50.42,50.6,50.42,8027,40520847.0,49.667
2026-04-20 10:10:00,0.0,50.79,50.85,50.43,6121,31045333.0,49.697
2026-04-20 10:11:00,0.0,50.47,50.8,50.46,5776,29218234.0,49.721
2026-04-20 10:12:00,0.0,50.61,50.65,50.47,4590,23209510.0,49.738
2026-04-20 10:13:00,0.0,50.44,50.58,50.44,3538,17866782.0,49.75
2026-04-20 10:14:00,0.0,50.55,50.55,50.4,2615,13191821.0,49.758
2026-04-20 10:15:00,0.0,50.79,50.88,50.54,7036,35707703.0,49.787
2026-04-20 10:16:00,0.0,50.73,50.81,50.61,7497,38014695.0,49.815
2026-04-20 10:17:00,0.0,50.58,50.76,50.55,4183,21201085.0,49.83
2026-04-20 10:18:00,0.0,50.86,50.9,50.58,3781,19194848.0,49.844
2026-04-20 10:19:00,0.0,51.15,51.23,50.88,8883,45356001.0,49.885
2026-04-20 10:20:00,0.0,51.49,51.49,51.0,12803,65653987.0,49.95
2026-04-20 10:21:00,0.0,51.95,51.95,51.31,16907,87140132.0,50.042
2026-04-20 10:22:00,0.0,52.37,52.6,51.96,25838,135132913.0,50.226
2026-04-20 10:23:00,0.0,52.26,52.39,51.86,15627,81411636.0,50.313
2026-04-20 10:24:00,0.0,51.61,52.3,51.61,11290,58794787.0,50.371
2026-04-20 10:25:00,0.0,51.68,51.7,51.56,9857,50887008.0,50.406
2026-04-20 10:26:00,0.0,51.48,51.7,51.45,9604,49513837.0,50.436
2026-04-20 10:27:00,0.0,51.49,51.59,51.44,7046,36268243.0,50.456
2026-04-20 10:28:00,0.0,51.4,51.51,51.4,6364,32745803.0,50.473
2026-04-20 10:29:00,0.0,51.62,51.62,51.28,3647,18740379.0,50.482
2026-04-20 10:30:00,0.0,51.37,51.62,51.35,6948,35776979.0,50.5
2026-04-20 10:31:00,0.0,51.39,51.4,51.21,4969,25486097.0,50.51
2026-04-20 10:32:00,0.0,51.41,51.47,51.37,3485,17920522.0,50.518
2026-04-20 10:33:00,0.0,51.21,51.44,51.21,2889,14831119.0,50.524
2026-04-20 10:34:00,0.0,51.01,51.21,51.01,4136,21131726.0,50.529
2026-04-20 10:35:00,0.0,51.18,51.18,51.02,2751,14062066.0,50.533
2026-04-20 10:36:00,0.0,51.2,51.23,51.19,3219,16484426.0,50.539
2026-04-20 10:37:00,0.0,51.26,51.3,51.22,2781,14257373.0,50.544
2026-04-20 10:38:00,0.0,51.25,51.31,51.24,3006,15412322.0,50.549
2026-04-20 10:39:00,0.0,51.44,51.44,51.22,1598,8195363.0,50.552
2026-04-20 10:40:00,0.0,51.36,51.5,51.32,2152,11070116.0,50.556
2026-04-20 10:41:00,0.0,51.16,51.37,51.16,2249,11528146.0,50.56
2026-04-20 10:42:00,0.0,51.06,51.19,51.06,2103,10755686.0,50.563
2026-04-20 10:43:00,0.0,51.1,51.2,51.06,2989,15276267.0,50.567
2026-04-20 10:44:00,0.0,51.2,51.2,51.1,1041,5324358.0,50.568
2026-04-20 10:45:00,0.0,51.16,51.27,51.16,1891,9685201.0,50.571
2026-04-20 10:46:00,0.0,50.86,51.12,50.85,6205,31649467.0,50.577
2026-04-20 10:47:00,0.0,50.99,51.01,50.82,2430,12364704.0,50.579
2026-04-20 10:48:00,0.0,51.12,51.2,51.01,1159,5922257.0,50.58
2026-04-20 10:49:00,0.0,51.0,51.19,50.95,2486,12693689.0,50.583
2026-04-20 10:50:00,0.0,50.98,50.98,50.88,1106,5630958.0,50.584
2026-04-20 10:51:00,0.0,50.92,51.03,50.92,1516,7730292.0,50.585
2026-04-20 10:52:00,0.0,51.2,51.2,50.91,1707,8709127.0,50.587
2026-04-20 10:53:00,0.0,51.05,51.22,51.0,1493,7633374.0,50.589
2026-04-20 10:54:00,0.0,51.06,51.08,51.01,839,4283338.0,50.59
2026-04-20 10:55:00,0.0,51.17,51.17,51.06,524,2678165.0,50.59
2026-04-20 10:56:00,0.0,51.15,51.19,51.1,1665,8517146.0,50.592
2026-04-20 10:57:00,0.0,51.01,51.16,51.01,1556,7947064.0,50.594
2026-04-20 10:58:00,0.0,51.01,51.01,50.96,811,4135113.0,50.595
2026-04-20 10:59:00,0.0,51.36,51.36,51.05,1346,6897528.0,50.597
2026-04-20 11:00:00,0.0,51.32,51.43,51.32,1869,9603894.0,50.6
2026-04-20 11:01:00,0.0,51.33,51.38,51.21,1458,7482861.0,50.602
2026-04-20 11:02:00,0.0,51.32,51.36,51.29,1461,7498949.0,50.605
2026-04-20 11:03:00,0.0,51.18,51.34,51.18,1210,6202760.0,50.606
2026-04-20 11:04:00,0.0,51.03,51.2,51.03,1028,5255284.0,50.607
2026-04-20 11:05:00,0.0,51.05,51.06,51.0,1024,5224966.0,50.608
2026-04-20 11:06:00,0.0,50.97,51.06,50.97,1252,6387106.0,50.609
2026-04-20 11:07:00,0.0,50.83,50.96,50.83,2045,10409536.0,50.611
2026-04-20 11:08:00,0.0,50.82,50.85,50.82,1349,6857037.0,50.611
2026-04-20 11:09:00,0.0,50.74,50.83,50.72,2511,12752874.0,50.612
2026-04-20 11:10:00,0.0,50.83,50.83,50.73,1123,5700698.0,50.613
2026-04-20 11:11:00,0.0,50.66,50.84,50.66,2613,13258107.0,50.613
2026-04-20 11:12:00,0.0,50.68,50.7,50.62,1995,10103085.0,50.613
2026-04-20 11:13:00,0.0,50.62,50.66,50.6,2180,11033353.0,50.613
2026-04-20 11:14:00,0.0,50.6,50.65,50.6,1362,6895029.0,50.614
2026-04-20 11:15:00,0.0,50.64,50.64,50.4,3749,18940254.0,50.613
2026-04-20 11:16:00,0.0,50.81,50.81,50.63,1293,6556232.0,50.613
2026-04-20 11:17:00,0.0,50.7,50.83,50.7,1934,9823262.0,50.614
2026-04-20 11:18:00,0.0,50.73,50.76,50.68,865,4386944.0,50.614
2026-04-20 11:19:00,0.0,50.69,50.73,50.66,1359,6888827.0,50.614
2026-04-20 11:20:00,0.0,50.65,50.7,50.65,817,4139532.0,50.614
2026-04-20 11:21:00,0.0,50.56,50.67,50.55,1183,5987867.0,50.614
2026-04-20 11:22:00,0.0,50.83,50.83,50.6,635,3218392.0,50.614
2026-04-20 11:23:00,0.0,50.73,50.81,50.73,867,4402069.0,50.615
2026-04-20 11:24:00,0.0,50.76,50.78,50.72,618,3136565.0,50.615
2026-04-20 11:25:00,0.0,50.8,50.8,50.77,847,4300668.0,50.615
2026-04-20 11:26:00,0.0,50.68,50.81,50.68,1580,8022413.0,50.616
2026-04-20 11:27:00,0.0,50.96,50.99,50.69,1417,7203815.0,50.616
2026-04-20 11:28:00,0.0,50.87,50.91,50.72,991,5038539.0,50.617
2026-04-20 11:29:00,0.0,50.77,50.83,50.77,908,4612454.0,50.617
2026-04-20 11:30:00,0.0,50.87,50.87,50.77,755,3835724.0,50.617
2026-04-20 13:01:00,0.0,50.77,50.88,50.74,4088,20782435.0,50.619
2026-04-20 13:02:00,0.0,50.79,50.85,50.75,1131,5744875.0,50.619
2026-04-20 13:03:00,0.0,51.03,51.04,50.88,1175,5987998.0,50.62
2026-04-20 13:04:00,0.0,51.09,51.13,51.02,1841,9400769.0,50.622
2026-04-20 13:05:00,0.0,51.08,51.09,51.04,1412,7210879.0,50.623
2026-04-20 13:06:00,0.0,51.06,51.2,51.06,1334,6821008.0,50.624
2026-04-20 13:07:00,0.0,50.95,51.07,50.88,1222,6226268.0,50.625
2026-04-20 13:08:00,0.0,51.0,51.04,50.9,1292,6581900.0,50.626
2026-04-20 13:09:00,0.0,51.02,51.09,51.02,1203,6141069.0,50.627
2026-04-20 13:10:00,0.0,50.94,51.01,50.85,1949,9922066.0,50.628
2026-04-20 13:11:00,0.0,51.12,51.17,51.06,1490,7610924.0,50.629
2026-04-20 13:12:00,0.0,51.02,51.1,51.0,1301,6639454.0,50.63
2026-04-20 13:13:00,0.0,50.98,51.1,50.93,1299,6628028.0,50.631
2026-04-20 13:14:00,0.0,51.01,51.04,50.91,1070,5453165.0,50.632
2026-04-20 13:15:00,0.0,50.91,51.01,50.86,793,4037886.0,50.633
2026-04-20 13:16:00,0.0,50.93,50.93,50.86,930,4732538.0,50.633
2026-04-20 13:17:00,0.0,50.99,51.03,50.94,880,4485683.0,50.634
2026-04-20 13:18:00,0.0,50.98,51.0,50.94,860,4383092.0,50.634
2026-04-20 13:19:00,0.0,50.87,50.98,50.86,858,4368513.0,50.635
2026-04-20 13:20:00,0.0,51.01,51.02,50.85,930,4738529.0,50.635
2026-04-20 13:21:00,0.0,50.9,51.0,50.9,596,3036157.0,50.635
2026-04-20 13:22:00,0.0,50.91,50.92,50.85,1011,5143699.0,50.636
2026-04-20 13:23:00,0.0,50.77,50.93,50.76,1711,8701717.0,50.637
2026-04-20 13:24:00,0.0,50.78,50.78,50.75,958,4863294.0,50.637
2026-04-20 13:25:00,0.0,50.87,50.88,50.78,755,3838461.0,50.637
2026-04-20 13:26:00,0.0,50.92,50.92,50.84,628,3194442.0,50.637
2026-04-20 13:27:00,0.0,50.9,50.94,50.88,1285,6541417.0,50.638
2026-04-20 13:28:00,0.0,50.96,51.08,50.89,1506,7681334.0,50.639
2026-04-20 13:29:00,0.0,50.92,50.96,50.9,791,4025542.0,50.64
2026-04-20 13:30:00,0.0,50.89,50.93,50.88,961,4893030.0,50.64
2026-04-20 13:31:00,0.0,50.9,50.91,50.88,863,4390383.0,50.64
2026-04-20 13:32:00,0.0,50.96,50.96,50.85,1197,6091020.0,50.641
2026-04-20 13:33:00,0.0,50.9,50.99,50.9,592,3014720.0,50.641
2026-04-20 13:34:00,0.0,50.94,50.99,50.89,822,4186785.0,50.642
2026-04-20 13:35:00,0.0,50.93,50.95,50.91,447,2274463.0,50.642
2026-04-20 13:36:00,0.0,50.94,50.94,50.8,1908,9708841.0,50.643
2026-04-20 13:37:00,0.0,51.04,51.08,50.94,1641,8373657.0,50.644
2026-04-20 13:38:00,0.0,50.96,51.06,50.95,1003,5114986.0,50.645
2026-04-20 13:39:00,0.0,50.98,50.98,50.91,559,2848298.0,50.645
2026-04-20 13:40:00,0.0,50.96,51.0,50.93,1502,7655643.0,50.646
2026-04-20 13:41:00,0.0,50.85,50.95,50.85,1387,7058546.0,50.646
2026-04-20 13:42:00,0.0,50.84,50.88,50.8,1378,7007827.0,50.647
2026-04-20 13:43:00,0.0,50.74,50.84,50.73,1926,9777707.0,50.647
2026-04-20 13:44:00,0.0,50.8,50.84,50.72,1493,7582061.0,50.648
2026-04-20 13:45:00,0.0,50.78,50.8,50.76,1264,6418921.0,50.648
2026-04-20 13:46:00,0.0,50.89,50.89,50.78,845,4292135.0,50.648
2026-04-20 13:47:00,0.0,50.86,50.96,50.86,708,3605285.0,50.649
2026-04-20 13:48:00,0.0,50.83,50.88,50.81,613,3116014.0,50.649
2026-04-20 13:49:00,0.0,50.83,50.87,50.83,729,3707094.0,50.649
2026-04-20 13:50:00,0.0,50.8,50.82,50.8,983,4994506.0,50.649
2026-04-20 13:51:00,0.0,50.77,50.82,50.77,897,4556048.0,50.65
2026-04-20 13:52:00,0.0,50.75,50.78,50.75,854,4335213.0,50.65
2026-04-20 13:53:00,0.0,50.72,50.75,50.72,810,4109174.0,50.65
2026-04-20 13:54:00,0.0,50.72,50.73,50.71,860,4361712.0,50.65
2026-04-20 13:55:00,0.0,50.74,50.74,50.72,915,4640988.0,50.65
2026-04-20 13:56:00,0.0,50.75,50.77,50.75,920,4670135.0,50.65
2026-04-20 13:57:00,0.0,50.68,50.76,50.68,2376,12048293.0,50.651
2026-04-20 13:58:00,0.0,50.69,50.7,50.68,913,4627839.0,50.651
2026-04-20 13:59:00,0.0,50.68,50.7,50.67,817,4141023.0,50.651
2026-04-20 14:00:00,0.0,50.66,50.67,50.64,959,4858285.0,50.651
2026-04-20 14:01:00,0.0,50.64,50.66,50.63,647,3276987.0,50.651
2026-04-20 14:02:00,0.0,50.7,50.75,50.64,1409,7142519.0,50.651
2026-04-20 14:03:00,0.0,50.7,50.74,50.69,474,2403609.0,50.651
2026-04-20 14:04:00,0.0,50.72,50.72,50.6,1730,8767025.0,50.651
2026-04-20 14:05:00,0.0,50.8,50.8,50.72,412,2091826.0,50.651
2026-04-20 14:06:00,0.0,50.71,50.8,50.69,1276,6472600.0,50.651
2026-04-20 14:07:00,0.0,50.76,50.77,50.73,650,3298754.0,50.651
2026-04-20 14:08:00,0.0,50.74,50.76,50.74,646,3278414.0,50.651
2026-04-20 14:09:00,0.0,50.72,50.75,50.72,518,2628132.0,50.651
2026-04-20 14:10:00,0.0,50.72,50.73,50.72,461,2338479.0,50.652
2026-04-20 14:11:00,0.0,50.77,50.79,50.73,1121,5688046.0,50.652
2026-04-20 14:12:00,0.0,50.76,50.78,50.73,384,1949492.0,50.652
2026-04-20 14:13:00,0.0,50.74,50.78,50.74,558,2832483.0,50.652
2026-04-20 14:14:00,0.0,50.69,50.74,50.69,1234,6258174.0,50.652
2026-04-20 14:15:00,0.0,50.65,50.69,50.65,833,4221311.0,50.652
2026-04-20 14:16:00,0.0,50.87,50.88,50.64,3025,15344716.0,50.652
2026-04-20 14:17:00,0.0,50.9,50.94,50.85,896,4561030.0,50.653
2026-04-20 14:18:00,0.0,50.85,50.92,50.85,771,3922919.0,50.653
2026-04-20 14:19:00,0.0,50.84,50.85,50.81,629,3197580.0,50.653
2026-04-20 14:20:00,0.0,50.81,50.84,50.8,602,3059124.0,50.654
2026-04-20 14:21:00,0.0,50.74,50.81,50.74,585,2970230.0,50.654
2026-04-20 14:22:00,0.0,50.83,50.85,50.72,1084,5505133.0,50.654
2026-04-20 14:23:00,0.0,50.75,50.82,50.74,784,3981035.0,50.654
2026-04-20 14:24:00,0.0,50.81,50.84,50.75,510,2591584.0,50.654
2026-04-20 14:25:00,0.0,50.8,50.82,50.79,702,3566506.0,50.654
2026-04-20 14:26:00,0.0,50.96,50.99,50.8,1607,8177790.0,50.655
2026-04-20 14:27:00,0.0,50.89,50.97,50.89,801,4080345.0,50.655
2026-04-20 14:28:00,0.0,50.92,50.96,50.86,793,4036567.0,50.656
2026-04-20 14:29:00,0.0,50.92,50.96,50.9,770,3920408.0,50.656
2026-04-20 14:30:00,0.0,50.88,50.91,50.87,485,2468199.0,50.656
2026-04-20 14:31:00,0.0,50.9,50.92,50.87,799,4066240.0,50.657
2026-04-20 14:32:00,0.0,50.85,50.9,50.85,888,4518357.0,50.657
2026-04-20 14:33:00,0.0,50.88,50.9,50.86,882,4487239.0,50.657
2026-04-20 14:34:00,0.0,50.88,50.93,50.88,1794,9132863.0,50.658
2026-04-20 14:35:00,0.0,50.84,50.91,50.83,1080,5493273.0,50.658
2026-04-20 14:36:00,0.0,50.86,50.89,50.85,858,4365171.0,50.659
2026-04-20 14:37:00,0.0,50.92,50.92,50.85,1471,7482896.0,50.659
2026-04-20 14:38:00,0.0,50.9,50.93,50.88,823,4190295.0,50.66
2026-04-20 14:39:00,0.0,50.9,50.9,50.89,1396,7107271.0,50.66
2026-04-20 14:40:00,0.0,50.97,50.97,50.89,2281,11618868.0,50.661
2026-04-20 14:41:00,0.0,50.95,50.96,50.91,1383,7045830.0,50.662
2026-04-20 14:42:00,0.0,50.96,50.96,50.92,1015,5171728.0,50.662
2026-04-20 14:43:00,0.0,50.97,50.97,50.95,1419,7230583.0,50.663
2026-04-20 14:44:00,0.0,50.98,50.99,50.97,1138,5799518.0,50.663
2026-04-20 14:45:00,0.0,50.94,50.98,50.94,1737,8850482.0,50.664
2026-04-20 14:46:00,0.0,50.89,50.93,50.88,1683,8569311.0,50.665
2026-04-20 14:47:00,0.0,50.93,50.93,50.88,1378,7013958.0,50.666
2026-04-20 14:48:00,0.0,50.92,50.93,50.9,1075,5473729.0,50.666
2026-04-20 14:49:00,0.0,50.92,50.93,50.9,1435,7306522.0,50.667
2026-04-20 14:50:00,0.0,50.9,50.92,50.9,1339,6816769.0,50.667
2026-04-20 14:51:00,0.0,50.9,50.92,50.9,3269,16641045.0,50.668
2026-04-20 14:52:00,0.0,50.92,50.92,50.9,2006,10212275.0,50.669
2026-04-20 14:53:00,0.0,50.94,50.94,50.92,2941,14978727.0,50.67
2026-04-20 14:54:00,0.0,50.99,50.99,50.94,2370,12080455.0,50.671
2026-04-20 14:55:00,0.0,50.98,51.0,50.96,3446,17570100.0,50.673
2026-04-20 14:56:00,0.0,50.88,50.98,50.88,5160,26274791.0,50.675
2026-04-20 14:57:00,0.0,50.89,50.9,50.86,5199,26454401.0,50.677
2026-04-20 14:58:00,0.0,50.89,50.89,50.89,37,188270.0,50.677
2026-04-20 14:59:00,0.0,50.89,50.89,50.89,0,0.0,50.677
2026-04-20 15:00:00,0.0,50.89,50.89,50.89,6236,31735004.0,50.679
2026-04-21 09:30:00,0.0,50.89,50.89,50.89,4411,22447579.0,50.89
2026-04-21 09:31:00,0.0,50.45,50.45,49.96,13573,68213171.0,50.413
2026-04-21 09:32:00,0.0,50.41,50.72,50.24,8941,45059234.0,50.407
2026-04-21 09:33:00,0.0,50.34,50.42,50.28,8188,41215855.0,50.391
2026-04-21 09:34:00,0.0,50.56,50.56,50.34,6584,33218235.0,50.401
2026-04-21 09:35:00,0.0,50.55,50.57,50.21,7035,35416287.0,50.393
2026-04-21 09:36:00,0.0,50.18,50.55,50.18,4733,23858653.0,50.394
2026-04-21 09:37:00,0.0,50.08,50.25,50.05,11883,59588778.0,50.349
2026-04-21 09:38:00,0.0,50.14,50.19,50.05,5160,25877150.0,50.334
2026-04-21 09:39:00,0.0,49.91,50.26,49.87,9404,47058622.0,50.3
2026-04-21 09:40:00,0.0,49.7,49.95,49.66,11447,57011550.0,50.238
2026-04-21 09:41:00,0.0,49.73,49.81,49.65,8691,43232477.0,50.195
2026-04-21 09:42:00,0.0,49.58,49.75,49.49,10679,52951815.0,50.136
2026-04-21 09:43:00,0.0,49.58,49.65,49.52,7039,34896234.0,50.103
2026-04-21 09:44:00,0.0,49.58,49.65,49.58,4919,24406967.0,50.083
2026-04-21 09:45:00,0.0,49.9,49.92,49.6,3181,15825239.0,50.075
2026-04-21 09:46:00,0.0,49.79,49.91,49.79,5191,25884318.0,50.067
2026-04-21 09:47:00,0.0,49.77,49.86,49.77,3901,19430350.0,50.059
2026-04-21 09:48:00,0.0,49.65,49.82,49.65,3865,19230789.0,50.051
2026-04-21 09:49:00,0.0,49.57,49.63,49.57,3467,17190413.0,50.039
2026-04-21 09:50:00,0.0,49.53,49.59,49.53,3522,17455539.0,50.028
2026-04-21 09:51:00,0.0,49.68,49.72,49.53,6019,29837325.0,50.01
2026-04-21 09:52:00,0.0,49.58,49.68,49.55,3037,15060464.0,50.001
2026-04-21 09:53:00,0.0,49.58,49.7,49.58,2820,13993114.0,49.995
2026-04-21 09:54:00,0.0,49.53,49.7,49.53,2827,14025448.0,49.988
2026-04-21 09:55:00,0.0,49.5,49.53,49.5,4922,24368919.0,49.974
2026-04-21 09:56:00,0.0,49.4,49.51,49.39,2922,14455030.0,49.965
2026-04-21 09:57:00,0.0,49.4,49.4,49.37,5548,27402501.0,49.947
2026-04-21 09:58:00,0.0,49.54,49.57,49.39,2340,11579696.0,49.94
2026-04-21 09:59:00,0.0,49.49,49.55,49.49,2012,9963398.0,49.936
2026-04-21 10:00:00,0.0,49.7,49.7,49.45,2219,10989118.0,49.931
2026-04-21 10:01:00,0.0,49.59,49.71,49.56,2218,11008941.0,49.927
2026-04-21 10:02:00,0.0,49.43,49.6,49.43,1813,8978116.0,49.923
2026-04-21 10:03:00,0.0,49.56,49.59,49.43,2100,10392657.0,49.918
2026-04-21 10:04:00,0.0,49.44,49.6,49.44,2641,13080683.0,49.913
2026-04-21 10:05:00,0.0,49.3,49.49,49.3,3179,15706073.0,49.904
2026-04-21 10:06:00,0.0,49.32,49.36,49.28,3489,17208916.0,49.894
2026-04-21 10:07:00,0.0,49.34,49.35,49.31,2777,13697174.0,49.886
2026-04-21 10:08:00,0.0,49.29,49.43,49.25,3766,18581368.0,49.876
2026-04-21 10:09:00,0.0,49.16,49.29,49.11,4965,24412695.0,49.859
2026-04-21 10:10:00,0.0,49.25,49.31,49.17,2618,12886691.0,49.851
2026-04-21 10:11:00,0.0,49.35,49.39,49.3,1816,8962907.0,49.847
2026-04-21 10:12:00,0.0,49.35,49.37,49.31,1470,7254690.0,49.843
2026-04-21 10:13:00,0.0,49.45,49.45,49.4,1911,9446097.0,49.84
2026-04-21 10:14:00,0.0,49.44,49.5,49.43,1662,8219315.0,49.837
2026-04-21 10:15:00,0.0,49.34,49.42,49.34,1158,5718328.0,49.834
2026-04-21 10:16:00,0.0,49.57,49.7,49.39,2402,11902737.0,49.831
2026-04-21 10:17:00,0.0,49.43,49.57,49.43,1824,9029543.0,49.829
2026-04-21 10:18:00,0.0,49.35,49.46,49.35,1639,8098713.0,49.826
2026-04-21 10:19:00,0.0,49.56,49.56,49.35,1375,6803110.0,49.823
2026-04-21 10:20:00,0.0,49.53,49.56,49.52,1307,6474748.0,49.822
2026-04-21 10:21:00,0.0,49.5,49.55,49.46,1146,5672141.0,49.82
2026-04-21 10:22:00,0.0,49.44,49.5,49.41,1322,6535501.0,49.818
2026-04-21 10:23:00,0.0,49.54,49.55,49.49,1052,5208884.0,49.817
2026-04-21 10:24:00,0.0,49.66,49.67,49.54,1530,7591827.0,49.815
2026-04-21 10:25:00,0.0,49.63,49.68,49.62,1794,8906491.0,49.814
2026-04-21 10:26:00,0.0,49.6,49.7,49.6,1417,7035916.0,49.813
2026-04-21 10:27:00,0.0,49.59,49.6,49.53,1270,6295418.0,49.812
2026-04-21 10:28:00,0.0,49.67,49.67,49.55,684,3395663.0,49.811
2026-04-21 10:29:00,0.0,49.66,49.67,49.65,1130,5611551.0,49.81
2026-04-21 10:30:00,0.0,49.49,49.65,49.48,1383,6852783.0,49.809
2026-04-21 10:31:00,0.0,49.49,49.5,49.45,1095,5417421.0,49.807
2026-04-21 10:32:00,0.0,49.51,49.52,49.5,900,4455641.0,49.806
2026-04-21 10:33:00,0.0,49.56,49.56,49.5,1052,5208256.0,49.805
2026-04-21 10:34:00,0.0,49.42,49.51,49.42,1406,6956430.0,49.803
2026-04-21 10:35:00,0.0,49.36,49.42,49.36,750,3704414.0,49.802
2026-04-21 10:36:00,0.0,49.35,49.37,49.35,1135,5602183.0,49.8
2026-04-21 10:37:00,0.0,49.49,49.49,49.39,980,4842595.0,49.798
2026-04-21 10:38:00,0.0,49.43,49.52,49.43,635,3142586.0,49.797
2026-04-21 10:39:00,0.0,49.41,49.46,49.4,817,4038086.0,49.796
2026-04-21 10:40:00,0.0,49.52,49.52,49.42,472,2334652.0,49.795
2026-04-21 10:41:00,0.0,49.58,49.65,49.52,882,4374804.0,49.795
2026-04-21 10:42:00,0.0,49.61,49.65,49.58,1000,4960190.0,49.794
2026-04-21 10:43:00,0.0,49.65,49.65,49.59,721,3579667.0,49.794
2026-04-21 10:44:00,0.0,49.6,49.66,49.57,816,4045945.0,49.793
2026-04-21 10:45:00,0.0,49.49,49.58,49.49,620,3071527.0,49.792
2026-04-21 10:46:00,0.0,49.45,49.5,49.43,763,3774118.0,49.791
2026-04-21 10:47:00,0.0,49.34,49.43,49.32,1887,9316014.0,49.788
2026-04-21 10:48:00,0.0,49.28,49.33,49.27,1863,9184950.0,49.785
2026-04-21 10:49:00,0.0,49.38,49.39,49.28,1111,5479443.0,49.783
2026-04-21 10:50:00,0.0,49.33,49.38,49.32,993,4897742.0,49.781
2026-04-21 10:51:00,0.0,49.29,49.33,49.26,1306,6438150.0,49.778
2026-04-21 10:52:00,0.0,49.33,49.34,49.29,677,3338940.0,49.777
2026-04-21 10:53:00,0.0,49.32,49.35,49.31,1194,5889119.0,49.775
2026-04-21 10:54:00,0.0,49.27,49.31,49.25,1331,6558157.0,49.773
2026-04-21 10:55:00,0.0,49.27,49.3,49.26,861,4241462.0,49.771
2026-04-21 10:56:00,0.0,49.27,49.29,49.26,662,3261984.0,49.77
2026-04-21 10:57:00,0.0,49.21,49.28,49.2,2496,12284514.0,49.765
2026-04-21 10:58:00,0.0,49.25,49.26,49.21,1026,5050337.0,49.763
2026-04-21 10:59:00,0.0,49.3,49.33,49.25,756,3724436.0,49.761
2026-04-21 11:00:00,0.0,49.29,49.33,49.28,520,2563126.0,49.76
2026-04-21 11:01:00,0.0,49.35,49.35,49.29,609,3003624.0,49.759
2026-04-21 11:02:00,0.0,49.35,49.38,49.34,540,2664709.0,49.759
2026-04-21 11:03:00,0.0,49.35,49.39,49.35,440,2172305.0,49.758
2026-04-21 11:04:00,0.0,49.38,49.39,49.35,566,2794213.0,49.757
2026-04-21 11:05:00,0.0,49.36,49.39,49.36,337,1663841.0,49.757
2026-04-21 11:06:00,0.0,49.35,49.37,49.31,933,4603686.0,49.755
2026-04-21 11:07:00,0.0,49.3,49.38,49.29,866,4273531.0,49.754
2026-04-21 11:08:00,0.0,49.23,49.28,49.22,976,4806180.0,49.752
2026-04-21 11:09:00,0.0,49.19,49.23,49.18,1532,7538951.0,49.749
2026-04-21 11:10:00,0.0,49.17,49.22,49.15,1166,5731824.0,49.747
2026-04-21 11:11:00,0.0,49.18,49.19,49.17,771,3791675.0,49.745
2026-04-21 11:12:00,0.0,49.16,49.19,49.16,787,3869762.0,49.743
2026-04-21 11:13:00,0.0,49.21,49.22,49.15,1519,7471341.0,49.74
2026-04-21 11:14:00,0.0,49.17,49.2,49.14,924,4542896.0,49.738
2026-04-21 11:15:00,0.0,49.23,49.24,49.15,1204,5919850.0,49.736
2026-04-21 11:16:00,0.0,49.22,49.24,49.15,426,2095070.0,49.735
2026-04-21 11:17:00,0.0,49.14,49.21,49.13,711,3495693.0,49.734
2026-04-21 11:18:00,0.0,49.13,49.15,49.13,1363,6696585.0,49.731
2026-04-21 11:19:00,0.0,49.13,49.18,49.13,492,2417688.0,49.73
2026-04-21 11:20:00,0.0,49.11,49.14,49.11,939,4612670.0,49.728
2026-04-21 11:21:00,0.0,49.03,49.1,49.01,3442,16888125.0,49.72
2026-04-21 11:22:00,0.0,49.03,49.06,49.01,1690,8285859.0,49.716
2026-04-21 11:23:00,0.0,49.08,49.08,49.04,587,2880087.0,49.715
2026-04-21 11:24:00,0.0,49.1,49.1,49.08,463,2272896.0,49.714
2026-04-21 11:25:00,0.0,49.09,49.1,49.07,719,3529426.0,49.712
2026-04-21 11:26:00,0.0,49.03,49.08,49.03,841,4125753.0,49.71
2026-04-21 11:27:00,0.0,49.03,49.04,49.0,4387,21500939.0,49.7
2026-04-21 11:28:00,0.0,48.97,49.03,48.96,1290,6320753.0,49.697
2026-04-21 11:29:00,0.0,48.97,49.0,48.95,2621,12836249.0,49.691
2026-04-21 11:30:00,0.0,48.96,48.99,48.95,665,3256253.0,49.689
2026-04-21 13:01:00,0.0,48.91,48.98,48.91,2330,11406319.0,49.684
2026-04-21 13:02:00,0.0,49.02,49.03,48.9,727,3559141.0,49.682
2026-04-21 13:03:00,0.0,49.09,49.09,48.98,906,4441827.0,49.68
2026-04-21 13:04:00,0.0,48.97,49.1,48.97,938,4598032.0,49.678
2026-04-21 13:05:00,0.0,49.0,49.0,48.95,776,3800529.0,49.676
2026-04-21 13:06:00,0.0,49.04,49.04,48.99,704,3449729.0,49.675
2026-04-21 13:07:00,0.0,49.07,49.13,49.04,962,4723845.0,49.673
2026-04-21 13:08:00,0.0,49.12,49.14,49.05,1116,5481836.0,49.671
2026-04-21 13:09:00,0.0,49.12,49.15,49.09,620,3044642.0,49.67
2026-04-21 13:10:00,0.0,49.15,49.19,49.12,1080,5309283.0,49.668
2026-04-21 13:11:00,0.0,49.07,49.15,49.07,1024,5029815.0,49.666
2026-04-21 13:12:00,0.0,49.17,49.17,49.08,973,4776449.0,49.665
2026-04-21 13:13:00,0.0,49.11,49.19,49.11,680,3343416.0,49.664
2026-04-21 13:14:00,0.0,49.17,49.17,49.1,425,2088032.0,49.663
2026-04-21 13:15:00,0.0,49.22,49.23,49.17,996,4900115.0,49.661
2026-04-21 13:16:00,0.0,49.33,49.33,49.21,1117,5500982.0,49.66
2026-04-21 13:17:00,0.0,49.35,49.35,49.27,1331,6564892.0,49.659
2026-04-21 13:18:00,0.0,49.28,49.4,49.27,1318,6502000.0,49.657
2026-04-21 13:19:00,0.0,49.3,49.3,49.26,1274,6272997.0,49.656
2026-04-21 13:20:00,0.0,49.2,49.3,49.16,919,4524592.0,49.654
2026-04-21 13:21:00,0.0,49.2,49.23,49.18,446,2194376.0,49.654
2026-04-21 13:22:00,0.0,49.15,49.2,49.13,589,2895066.0,49.653
2026-04-21 13:23:00,0.0,49.21,49.24,49.15,797,3921208.0,49.652
2026-04-21 13:24:00,0.0,49.16,49.2,49.15,386,1898209.0,49.651
2026-04-21 13:25:00,0.0,49.17,49.2,49.14,581,2856059.0,49.65
2026-04-21 13:26:00,0.0,49.17,49.19,49.16,577,2837372.0,49.649
2026-04-21 13:27:00,0.0,49.13,49.18,49.13,564,2772509.0,49.649
2026-04-21 13:28:00,0.0,49.08,49.14,49.08,1285,6309162.0,49.646
2026-04-21 13:29:00,0.0,49.11,49.11,49.08,1617,7939167.0,49.644
2026-04-21 13:30:00,0.0,49.13,49.14,49.09,639,3138352.0,49.643
2026-04-21 13:31:00,0.0,49.19,49.19,49.12,667,3278697.0,49.642
2026-04-21 13:32:00,0.0,49.24,49.27,49.2,955,4701956.0,49.641
2026-04-21 13:33:00,0.0,49.2,49.24,49.18,459,2258746.0,49.64
2026-04-21 13:34:00,0.0,49.2,49.21,49.19,612,3010902.0,49.639
2026-04-21 13:35:00,0.0,49.2,49.22,49.16,880,4329307.0,49.638
2026-04-21 13:36:00,0.0,49.15,49.2,49.15,474,2330033.0,49.637
2026-04-21 13:37:00,0.0,49.17,49.17,49.13,714,3511659.0,49.636
2026-04-21 13:38:00,0.0,49.25,49.25,49.17,387,1903873.0,49.636
2026-04-21 13:39:00,0.0,49.26,49.28,49.24,722,3556505.0,49.635
2026-04-21 13:40:00,0.0,49.28,49.3,49.25,578,2848500.0,49.634
2026-04-21 13:41:00,0.0,49.31,49.31,49.27,628,3095074.0,49.634
2026-04-21 13:42:00,0.0,49.32,49.33,49.3,1375,6781115.0,49.632
2026-04-21 13:43:00,0.0,49.34,49.35,49.31,690,3404184.0,49.632
2026-04-21 13:44:00,0.0,49.27,49.34,49.27,1045,5152884.0,49.631
2026-04-21 13:45:00,0.0,49.33,49.33,49.26,551,2716356.0,49.63
2026-04-21 13:46:00,0.0,49.33,49.35,49.31,831,4101632.0,49.63
2026-04-21 13:47:00,0.0,49.24,49.33,49.24,942,4643887.0,49.629
2026-04-21 13:48:00,0.0,49.22,49.25,49.21,836,4117090.0,49.628
2026-04-21 13:49:00,0.0,49.17,49.23,49.15,945,4648491.0,49.627
2026-04-21 13:50:00,0.0,49.14,49.19,49.13,1075,5283870.0,49.625
2026-04-21 13:51:00,0.0,49.16,49.18,49.13,475,2334793.0,49.624
2026-04-21 13:52:00,0.0,49.13,49.18,49.12,1042,5122297.0,49.623
2026-04-21 13:53:00,0.0,49.07,49.12,49.06,1867,9162784.0,49.62
2026-04-21 13:54:00,0.0,49.11,49.12,49.05,405,1987642.0,49.62
2026-04-21 13:55:00,0.0,49.17,49.19,49.11,528,2597039.0,49.619
2026-04-21 13:56:00,0.0,49.15,49.18,49.14,833,4094720.0,49.618
2026-04-21 13:57:00,0.0,49.12,49.14,49.11,810,3978853.0,49.617
2026-04-21 13:58:00,0.0,49.06,49.12,49.06,945,4638336.0,49.615
2026-04-21 13:59:00,0.0,49.03,49.07,49.03,1078,5287982.0,49.613
2026-04-21 14:00:00,0.0,49.04,49.04,49.01,760,3725755.0,49.612
2026-04-21 14:01:00,0.0,49.02,49.04,49.01,1633,8005003.0,49.61
2026-04-21 14:02:00,0.0,49.0,49.03,49.0,1049,5140829.0,49.608
2026-04-21 14:03:00,0.0,48.93,49.01,48.92,2470,12098076.0,49.603
2026-04-21 14:04:00,0.0,48.95,49.0,48.92,736,3602119.0,49.602
2026-04-21 14:05:00,0.0,48.96,48.98,48.94,726,3554188.0,49.601
2026-04-21 14:06:00,0.0,48.94,48.97,48.93,907,4439792.0,49.599
2026-04-21 14:07:00,0.0,48.92,48.93,48.91,1392,6809805.0,49.597
2026-04-21 14:08:00,0.0,48.91,48.94,48.91,1128,5517369.0,49.594
2026-04-21 14:09:00,0.0,48.93,48.94,48.9,1544,7551831.0,49.592
2026-04-21 14:10:00,0.0,48.82,48.9,48.82,2252,11006982.0,49.587
2026-04-21 14:11:00,0.0,48.87,48.87,48.81,1726,8428621.0,49.584
2026-04-21 14:12:00,0.0,48.9,48.9,48.86,718,3509515.0,49.582
2026-04-21 14:13:00,0.0,48.9,48.95,48.89,1091,5338129.0,49.58
2026-04-21 14:14:00,0.0,48.91,48.93,48.87,845,4129264.0,49.579
2026-04-21 14:15:00,0.0,48.88,48.93,48.8,1932,9439041.0,49.575
2026-04-21 14:16:00,0.0,48.82,48.91,48.82,1287,6287012.0,49.573
2026-04-21 14:17:00,0.0,48.83,48.85,48.81,647,3159271.0,49.571
2026-04-21 14:18:00,0.0,48.86,48.89,48.82,697,3405053.0,49.57
2026-04-21 14:19:00,0.0,48.99,49.0,48.88,1096,5365073.0,49.568
2026-04-21 14:20:00,0.0,48.95,49.0,48.93,641,3139220.0,49.567
2026-04-21 14:21:00,0.0,49.01,49.04,48.94,481,2355165.0,49.567
2026-04-21 14:22:00,0.0,49.08,49.1,49.0,1008,4944654.0,49.565
2026-04-21 14:23:00,0.0,49.15,49.15,49.07,1246,6119041.0,49.564
2026-04-21 14:24:00,0.0,49.1,49.15,49.1,959,4711621.0,49.563
2026-04-21 14:25:00,0.0,49.1,49.13,49.08,411,2018350.0,49.562
2026-04-21 14:26:00,0.0,49.05,49.1,49.05,565,2772425.0,49.561
2026-04-21 14:27:00,0.0,49.1,49.1,49.04,697,3419659.0,49.56
2026-04-21 14:28:00,0.0,49.15,49.15,49.09,699,3433437.0,49.56
2026-04-21 14:29:00,0.0,49.18,49.2,49.12,602,2961641.0,49.559
2026-04-21 14:30:00,0.0,49.19,49.22,49.18,751,3694703.0,49.558
2026-04-21 14:31:00,0.0,49.24,49.29,49.18,1220,6005340.0,49.557
2026-04-21 14:32:00,0.0,49.28,49.29,49.21,754,3714213.0,49.557
2026-04-21 14:33:00,0.0,49.3,49.31,49.26,1087,5354956.0,49.556
2026-04-21 14:34:00,0.0,49.35,49.36,49.31,1176,5802773.0,49.555
2026-04-21 14:35:00,0.0,49.31,49.36,49.31,1323,6526447.0,49.555
2026-04-21 14:36:00,0.0,49.25,49.31,49.25,1297,6392815.0,49.554
2026-04-21 14:37:00,0.0,49.23,49.26,49.22,1069,5264525.0,49.553
2026-04-21 14:38:00,0.0,49.23,49.26,49.21,1379,6790567.0,49.552
2026-04-21 14:39:00,0.0,49.22,49.25,49.22,804,3958160.0,49.551
2026-04-21 14:40:00,0.0,49.23,49.26,49.22,967,4761492.0,49.55
2026-04-21 14:41:00,0.0,49.12,49.23,49.12,1441,7087017.0,49.549
2026-04-21 14:42:00,0.0,49.17,49.2,49.12,1069,5254777.0,49.548
2026-04-21 14:43:00,0.0,49.18,49.18,49.15,635,3122052.0,49.547
2026-04-21 14:44:00,0.0,49.15,49.17,49.15,1044,5132320.0,49.546
2026-04-21 14:45:00,0.0,49.16,49.18,49.15,1561,7673762.0,49.545
2026-04-21 14:46:00,0.0,49.15,49.17,49.14,1206,5928430.0,49.544
2026-04-21 14:47:00,0.0,49.2,49.21,49.15,1446,7111593.0,49.543
2026-04-21 14:48:00,0.0,49.22,49.25,49.2,1623,7990311.0,49.541
2026-04-21 14:49:00,0.0,49.21,49.24,49.21,1053,5183540.0,49.54
2026-04-21 14:50:00,0.0,49.25,49.26,49.21,1314,6471517.0,49.539
2026-04-21 14:51:00,0.0,49.26,49.27,49.25,1545,7610908.0,49.538
2026-04-21 14:52:00,0.0,49.24,49.26,49.23,2158,10627362.0,49.537
2026-04-21 14:53:00,0.0,49.22,49.24,49.22,1649,8117800.0,49.536
2026-04-21 14:54:00,0.0,49.22,49.24,49.21,1846,9086639.0,49.534
2026-04-21 14:55:00,0.0,49.21,49.23,49.21,2294,11290507.0,49.533
2026-04-21 14:56:00,0.0,49.2,49.25,49.2,3030,14911920.0,49.53
2026-04-21 14:57:00,0.0,49.21,49.23,49.2,3030,14912040.0,49.528
2026-04-21 14:58:00,0.0,49.21,49.21,49.21,313,1539613.0,49.528
2026-04-21 14:59:00,0.0,49.21,49.21,49.21,0,0.0,49.528
2026-04-21 15:00:00,0.0,49.22,49.22,49.21,3121,15362054.0,49.526
2026-04-22 09:30:00,0.0,49.11,49.11,49.11,1083,5318613.0,49.11
2026-04-22 09:31:00,0.0,48.29,49.19,48.03,7233,35154516.0,48.669
2026-04-22 09:32:00,0.0,48.7,48.77,48.25,4403,21325732.0,48.588
2026-04-22 09:33:00,0.0,48.58,48.64,48.41,4663,22636796.0,48.577
2026-04-22 09:34:00,0.0,48.88,48.93,48.64,5152,25132575.0,48.624
2026-04-22 09:35:00,0.0,49.04,49.09,49.0,4073,19973121.0,48.687
2026-04-22 09:36:00,0.0,49.15,49.2,49.0,3119,15308291.0,48.728
2026-04-22 09:37:00,0.0,49.05,49.21,49.04,4425,21752244.0,48.784
2026-04-22 09:38:00,0.0,49.08,49.08,48.9,3748,18340981.0,48.799
2026-04-22 09:39:00,0.0,49.45,49.6,49.09,4839,23869727.0,48.859
2026-04-22 09:40:00,0.0,49.44,49.44,49.34,6287,31049815.0,48.927
2026-04-22 09:41:00,0.0,49.85,49.92,49.53,7764,38636376.0,49.042
2026-04-22 09:42:00,0.0,49.64,49.84,49.62,5877,29251250.0,49.11
2026-04-22 09:43:00,0.0,49.46,49.7,49.45,4381,21708390.0,49.139
2026-04-22 09:44:00,0.0,49.38,49.46,49.26,3178,15687519.0,49.149
2026-04-22 09:45:00,0.0,49.48,49.53,49.34,2427,12003513.0,49.16
2026-04-22 09:46:00,0.0,49.38,49.49,49.33,2608,12884768.0,49.168
2026-04-22 09:47:00,0.0,49.38,49.39,49.35,1698,8383518.0,49.173
2026-04-22 09:48:00,0.0,49.28,49.37,49.28,2105,10385099.0,49.177
2026-04-22 09:49:00,0.0,49.26,49.33,49.26,2053,10121301.0,49.18
2026-04-22 09:50:00,0.0,49.3,49.4,49.24,2944,14508791.0,49.184
2026-04-22 09:51:00,0.0,49.33,49.33,49.25,1577,7773011.0,49.186
2026-04-22 09:52:00,0.0,49.26,49.35,49.25,2428,11963677.0,49.188
2026-04-22 09:53:00,0.0,49.28,49.31,49.26,1541,7595445.0,49.19
2026-04-22 09:54:00,0.0,49.2,49.29,49.19,1723,8485125.0,49.191
2026-04-22 09:55:00,0.0,49.2,49.23,49.16,2935,14436963.0,49.191
2026-04-22 09:56:00,0.0,49.22,49.24,49.18,1935,9520269.0,49.191
2026-04-22 09:57:00,0.0,49.22,49.23,49.2,1284,6321898.0,49.191
2026-04-22 09:58:00,0.0,49.12,49.22,49.12,2285,11236205.0,49.191
2026-04-22 09:59:00,0.0,48.95,49.11,48.95,1761,8634522.0,49.188
2026-04-22 10:00:00,0.0,48.87,48.95,48.87,1994,9749456.0,49.183
2026-04-22 10:01:00,0.0,48.83,48.89,48.83,1920,9381993.0,49.177
2026-04-22 10:02:00,0.0,48.65,48.83,48.61,4354,21226204.0,49.16
2026-04-22 10:03:00,0.0,48.5,48.65,48.5,2450,11899181.0,49.147
2026-04-22 10:04:00,0.0,48.41,48.5,48.4,3156,15291633.0,49.128
2026-04-22 10:05:00,0.0,48.56,48.66,48.41,2374,11527701.0,49.117
2026-04-22 10:06:00,0.0,48.64,48.65,48.56,2651,12878417.0,49.105
2026-04-22 10:07:00,0.0,48.6,48.68,48.58,1461,7101197.0,49.099
2026-04-22 10:08:00,0.0,48.51,48.61,48.51,1476,7168417.0,49.092
2026-04-22 10:09:00,0.0,48.72,48.74,48.55,1674,8139065.0,49.086
2026-04-22 10:10:00,0.0,48.76,48.78,48.71,749,3651752.0,49.084
2026-04-22 10:11:00,0.0,48.73,48.81,48.73,1473,7185357.0,49.081
2026-04-22 10:12:00,0.0,48.83,48.88,48.74,1101,5377737.0,49.078
2026-04-22 10:13:00,0.0,48.74,48.83,48.74,1132,5520684.0,49.076
2026-04-22 10:14:00,0.0,48.7,48.77,48.7,1070,5214984.0,49.073
2026-04-22 10:15:00,0.0,48.58,48.68,48.58,1271,6182288.0,49.069
2026-04-22 10:16:00,0.0,48.5,48.58,48.5,1885,9148144.0,49.061
2026-04-22 10:17:00,0.0,48.4,48.51,48.4,2273,11015291.0,49.051
2026-04-22 10:18:00,0.0,48.39,48.41,48.36,2795,13522449.0,49.038
2026-04-22 10:19:00,0.0,48.44,48.46,48.39,1493,7228636.0,49.031
2026-04-22 10:20:00,0.0,48.31,48.45,48.31,2053,9933279.0,49.022
2026-04-22 10:21:00,0.0,48.3,48.36,48.29,2901,14013210.0,49.008
2026-04-22 10:22:00,0.0,48.26,48.29,48.25,2536,12240797.0,48.995
2026-04-22 10:23:00,0.0,48.37,48.4,48.28,1670,8072893.0,48.988
2026-04-22 10:24:00,0.0,48.37,48.4,48.35,1272,6151863.0,48.982
2026-04-22 10:25:00,0.0,48.35,48.39,48.34,1538,7437438.0,48.976
2026-04-22 10:26:00,0.0,48.46,48.46,48.34,2454,11878591.0,48.967
2026-04-22 10:27:00,0.0,48.43,48.47,48.43,1363,6605205.0,48.963
2026-04-22 10:28:00,0.0,48.4,48.5,48.39,1195,5785665.0,48.958
2026-04-22 10:29:00,0.0,48.35,48.4,48.35,962,4654337.0,48.955
2026-04-22 10:30:00,0.0,48.34,48.36,48.33,1384,6689518.0,48.949
2026-04-22 10:31:00,0.0,48.33,48.34,48.3,1686,8145144.0,48.943
2026-04-22 10:32:00,0.0,48.32,48.32,48.29,2121,10245304.0,48.935
2026-04-22 10:33:00,0.0,48.55,48.57,48.37,2131,10337895.0,48.929
2026-04-22 10:34:00,0.0,48.65,48.69,48.51,1377,6690686.0,48.926
2026-04-22 10:35:00,0.0,48.57,48.67,48.57,1012,4920954.0,48.925
2026-04-22 10:36:00,0.0,48.6,48.6,48.55,678,3292736.0,48.923
2026-04-22 10:37:00,0.0,48.56,48.6,48.55,819,3978444.0,48.921
2026-04-22 10:38:00,0.0,48.68,48.72,48.56,1158,5633200.0,48.92
2026-04-22 10:39:00,0.0,48.72,48.72,48.6,1213,5905114.0,48.918
2026-04-22 10:40:00,0.0,48.68,48.71,48.66,1442,7020455.0,48.916
2026-04-22 10:41:00,0.0,48.68,48.68,48.61,1198,5825583.0,48.914
2026-04-22 10:42:00,0.0,48.68,48.68,48.67,574,2793643.0,48.913
2026-04-22 10:43:00,0.0,48.55,48.68,48.55,408,1983291.0,48.912
2026-04-22 10:44:00,0.0,48.51,48.54,48.5,676,3279533.0,48.911
2026-04-22 10:45:00,0.0,48.65,48.65,48.52,685,3326769.0,48.91
2026-04-22 10:46:00,0.0,48.57,48.6,48.54,554,2690797.0,48.909
2026-04-22 10:47:00,0.0,48.57,48.6,48.55,724,3516948.0,48.907
2026-04-22 10:48:00,0.0,48.61,48.62,48.52,1584,7692457.0,48.904
2026-04-22 10:49:00,0.0,48.52,48.6,48.52,759,3685347.0,48.903
2026-04-22 10:50:00,0.0,48.52,48.56,48.51,1023,4964750.0,48.901
2026-04-22 10:51:00,0.0,48.51,48.53,48.5,575,2789563.0,48.899
2026-04-22 10:52:00,0.0,48.54,48.56,48.46,581,2818386.0,48.898
2026-04-22 10:53:00,0.0,48.59,48.59,48.5,767,3722491.0,48.897
2026-04-22 10:54:00,0.0,48.64,48.66,48.6,554,2694136.0,48.896
2026-04-22 10:55:00,0.0,48.5,48.66,48.5,648,3149598.0,48.895
2026-04-22 10:56:00,0.0,48.45,48.49,48.45,840,4071420.0,48.893
2026-04-22 10:57:00,0.0,48.39,48.45,48.38,708,3428812.0,48.891
2026-04-22 10:58:00,0.0,48.43,48.43,48.38,657,3180533.0,48.889
2026-04-22 10:59:00,0.0,48.41,48.44,48.4,311,1505517.0,48.889
2026-04-22 11:00:00,0.0,48.43,48.43,48.39,781,3780351.0,48.887
2026-04-22 11:01:00,0.0,48.41,48.42,48.4,450,2178582.0,48.885
2026-04-22 11:02:00,0.0,48.34,48.43,48.34,1456,7043960.0,48.881
2026-04-22 11:03:00,0.0,48.38,48.41,48.33,538,2601184.0,48.88
2026-04-22 11:04:00,0.0,48.45,48.45,48.38,399,1930743.0,48.879
2026-04-22 11:05:00,0.0,48.46,48.49,48.45,765,3708713.0,48.877
2026-04-22 11:06:00,0.0,48.45,48.46,48.42,337,1632343.0,48.877
2026-04-22 11:07:00,0.0,48.41,48.46,48.41,475,2300168.0,48.875
2026-04-22 11:08:00,0.0,48.41,48.42,48.4,535,2589638.0,48.874
2026-04-22 11:09:00,0.0,48.38,48.41,48.36,474,2294908.0,48.873
2026-04-22 11:10:00,0.0,48.39,48.4,48.36,709,3430046.0,48.871
2026-04-22 11:11:00,0.0,48.36,48.39,48.36,608,2939528.0,48.87
2026-04-22 11:12:00,0.0,48.24,48.37,48.24,3285,15855942.0,48.86
2026-04-22 11:13:00,0.0,48.24,48.3,48.19,4575,22052336.0,48.845
2026-04-22 11:14:00,0.0,48.23,48.24,48.2,1103,5318393.0,48.841
2026-04-22 11:15:00,0.0,48.2,48.25,48.2,871,4200553.0,48.839
2026-04-22 11:16:00,0.0,48.16,48.2,48.16,1448,6976852.0,48.834
2026-04-22 11:17:00,0.0,48.25,48.26,48.17,1476,7113048.0,48.83
2026-04-22 11:18:00,0.0,48.26,48.27,48.25,601,2899384.0,48.828
2026-04-22 11:19:00,0.0,48.25,48.27,48.25,424,2046287.0,48.827
2026-04-22 11:20:00,0.0,48.2,48.23,48.18,983,4737877.0,48.824
2026-04-22 11:21:00,0.0,48.13,48.18,48.13,1220,5874191.0,48.82
2026-04-22 11:22:00,0.0,48.18,48.2,48.13,1406,6771531.0,48.816
2026-04-22 11:23:00,0.0,48.21,48.24,48.2,481,2318872.0,48.814
2026-04-22 11:24:00,0.0,48.2,48.21,48.2,976,4704654.0,48.811
2026-04-22 11:25:00,0.0,48.24,48.28,48.2,664,3202388.0,48.81
2026-04-22 11:26:00,0.0,48.23,48.24,48.23,553,2667406.0,48.808
2026-04-22 11:27:00,0.0,48.25,48.25,48.18,724,3491010.0,48.806
2026-04-22 11:28:00,0.0,48.34,48.34,48.26,243,1173525.0,48.806
2026-04-22 11:29:00,0.0,48.44,48.45,48.33,438,2119067.0,48.805
2026-04-22 11:30:00,0.0,48.42,48.45,48.38,775,3751076.0,48.803
2026-04-22 13:01:00,0.0,48.36,48.44,48.3,2151,10410238.0,48.799
2026-04-22 13:02:00,0.0,48.48,48.48,48.34,608,2942370.0,48.798
2026-04-22 13:03:00,0.0,48.39,48.46,48.36,598,2895206.0,48.797
2026-04-22 13:04:00,0.0,48.28,48.39,48.28,775,3743402.0,48.795
2026-04-22 13:05:00,0.0,48.26,48.33,48.26,726,3505892.0,48.794
2026-04-22 13:06:00,0.0,48.33,48.34,48.26,718,3466854.0,48.792
2026-04-22 13:07:00,0.0,48.21,48.37,48.21,853,4118434.0,48.79
2026-04-22 13:08:00,0.0,48.25,48.26,48.22,622,3001698.0,48.789
2026-04-22 13:09:00,0.0,48.24,48.25,48.22,999,4818785.0,48.786
2026-04-22 13:10:00,0.0,48.3,48.3,48.23,921,4444069.0,48.784
2026-04-22 13:11:00,0.0,48.29,48.34,48.28,905,4370457.0,48.782
2026-04-22 13:12:00,0.0,48.26,48.3,48.26,1061,5123009.0,48.78
2026-04-22 13:13:00,0.0,48.27,48.27,48.21,1426,6876650.0,48.776
2026-04-22 13:14:00,0.0,48.34,48.34,48.26,1202,5803522.0,48.774
2026-04-22 13:15:00,0.0,48.35,48.35,48.31,1110,5362603.0,48.771
2026-04-22 13:16:00,0.0,48.36,48.37,48.32,827,3997813.0,48.77
2026-04-22 13:17:00,0.0,48.25,48.36,48.23,1599,7726033.0,48.767
2026-04-22 13:18:00,0.0,48.28,48.32,48.25,470,2268709.0,48.766
2026-04-22 13:19:00,0.0,48.3,48.32,48.25,590,2848798.0,48.765
2026-04-22 13:20:00,0.0,48.43,48.43,48.3,1175,5684295.0,48.763
2026-04-22 13:21:00,0.0,48.6,48.6,48.36,1629,7901376.0,48.761
2026-04-22 13:22:00,0.0,48.5,48.6,48.5,1371,6659005.0,48.76
2026-04-22 13:23:00,0.0,48.56,48.59,48.49,706,3427127.0,48.759
2026-04-22 13:24:00,0.0,48.55,48.57,48.55,948,4601514.0,48.758
2026-04-22 13:25:00,0.0,48.53,48.58,48.53,622,3021692.0,48.758
2026-04-22 13:26:00,0.0,48.52,48.54,48.51,793,3847985.0,48.757
2026-04-22 13:27:00,0.0,48.45,48.52,48.42,806,3907058.0,48.756
2026-04-22 13:28:00,0.0,48.42,48.46,48.41,750,3631684.0,48.755
2026-04-22 13:29:00,0.0,48.42,48.42,48.37,836,4045210.0,48.754
2026-04-22 13:30:00,0.0,48.42,48.43,48.4,572,2768883.0,48.753
2026-04-22 13:31:00,0.0,48.4,48.43,48.4,1143,5534057.0,48.751
2026-04-22 13:32:00,0.0,48.4,48.41,48.38,722,3493931.0,48.75
2026-04-22 13:33:00,0.0,48.39,48.4,48.32,1484,7171638.0,48.748
2026-04-22 13:34:00,0.0,48.38,48.43,48.35,1073,5190318.0,48.746
2026-04-22 13:35:00,0.0,48.45,48.45,48.36,674,3262624.0,48.745
2026-04-22 13:36:00,0.0,48.39,48.46,48.37,694,3359606.0,48.744
2026-04-22 13:37:00,0.0,48.42,48.42,48.38,650,3145789.0,48.744
2026-04-22 13:38:00,0.0,48.51,48.51,48.44,694,3362898.0,48.743
2026-04-22 13:39:00,0.0,48.38,48.49,48.37,1498,7254368.0,48.741
2026-04-22 13:40:00,0.0,48.4,48.43,48.38,659,3190200.0,48.74
2026-04-22 13:41:00,0.0,48.36,48.41,48.35,819,3962026.0,48.739
2026-04-22 13:42:00,0.0,48.35,48.37,48.34,828,4003350.0,48.738
2026-04-22 13:43:00,0.0,48.37,48.38,48.34,1016,4911790.0,48.736
2026-04-22 13:44:00,0.0,48.45,48.45,48.36,782,3784309.0,48.735
2026-04-22 13:45:00,0.0,48.42,48.49,48.41,781,3784131.0,48.734
2026-04-22 13:46:00,0.0,48.37,48.42,48.36,1069,5171928.0,48.733
2026-04-22 13:47:00,0.0,48.36,48.38,48.36,553,2674816.0,48.732
2026-04-22 13:48:00,0.0,48.38,48.38,48.34,721,3486552.0,48.731
2026-04-22 13:49:00,0.0,48.29,48.36,48.27,1756,8485409.0,48.728
2026-04-22 13:50:00,0.0,48.25,48.28,48.25,1087,5245924.0,48.726
2026-04-22 13:51:00,0.0,48.38,48.39,48.25,952,4600241.0,48.725
2026-04-22 13:52:00,0.0,48.37,48.39,48.34,507,2449967.0,48.724
2026-04-22 13:53:00,0.0,48.31,48.37,48.3,829,4005155.0,48.723
2026-04-22 13:54:00,0.0,48.33,48.34,48.3,400,1932633.0,48.722
2026-04-22 13:55:00,0.0,48.31,48.33,48.3,527,2546049.0,48.721
2026-04-22 13:56:00,0.0,48.38,48.42,48.3,1045,5054165.0,48.72
2026-04-22 13:57:00,0.0,48.35,48.35,48.33,379,1834222.0,48.719
2026-04-22 13:58:00,0.0,48.34,48.38,48.33,541,2613698.0,48.719
2026-04-22 13:59:00,0.0,48.38,48.38,48.34,352,1700590.0,48.718
2026-04-22 14:00:00,0.0,48.41,48.42,48.38,413,1999052.0,48.718
2026-04-22 14:01:00,0.0,48.45,48.49,48.41,1354,6558597.0,48.716
2026-04-22 14:02:00,0.0,48.5,48.5,48.46,751,3641557.0,48.716
2026-04-22 14:03:00,0.0,48.46,48.5,48.45,886,4293870.0,48.715
2026-04-22 14:04:00,0.0,48.42,48.46,48.42,922,4466114.0,48.714
2026-04-22 14:05:00,0.0,48.4,48.41,48.38,644,3114933.0,48.713
2026-04-22 14:06:00,0.0,48.43,48.44,48.39,578,2798098.0,48.713
2026-04-22 14:07:00,0.0,48.39,48.45,48.39,383,1854514.0,48.712
2026-04-22 14:08:00,0.0,48.39,48.43,48.38,563,2724388.0,48.712
2026-04-22 14:09:00,0.0,48.38,48.4,48.37,341,1649934.0,48.711
2026-04-22 14:10:00,0.0,48.38,48.4,48.38,517,2501625.0,48.711
2026-04-22 14:11:00,0.0,48.33,48.38,48.32,1003,4850482.0,48.709
2026-04-22 14:12:00,0.0,48.33,48.35,48.33,771,3726924.0,48.708
2026-04-22 14:13:00,0.0,48.31,48.33,48.3,1050,5072230.0,48.707
2026-04-22 14:14:00,0.0,48.29,48.31,48.29,880,4250610.0,48.705
2026-04-22 14:15:00,0.0,48.29,48.29,48.28,671,3240058.0,48.704
2026-04-22 14:16:00,0.0,48.35,48.37,48.28,1200,5797109.0,48.703
2026-04-22 14:17:00,0.0,48.35,48.36,48.33,460,2223817.0,48.702
2026-04-22 14:18:00,0.0,48.39,48.39,48.36,1194,5772877.0,48.701
2026-04-22 14:19:00,0.0,48.36,48.4,48.35,552,2672389.0,48.7
2026-04-22 14:20:00,0.0,48.41,48.41,48.36,735,3555975.0,48.699
2026-04-22 14:21:00,0.0,48.42,48.42,48.4,566,2740162.0,48.699
2026-04-22 14:22:00,0.0,48.44,48.45,48.43,1065,5158985.0,48.698
2026-04-22 14:23:00,0.0,48.44,48.46,48.44,1010,4893159.0,48.697
2026-04-22 14:24:00,0.0,48.41,48.45,48.41,579,2803903.0,48.696
2026-04-22 14:25:00,0.0,48.43,48.43,48.4,768,3717804.0,48.696
2026-04-22 14:26:00,0.0,48.45,48.45,48.42,582,2818597.0,48.695
2026-04-22 14:27:00,0.0,48.44,48.45,48.42,802,3884796.0,48.694
2026-04-22 14:28:00,0.0,48.4,48.43,48.4,598,2895314.0,48.694
2026-04-22 14:29:00,0.0,48.4,48.41,48.39,755,3656039.0,48.693
2026-04-22 14:30:00,0.0,48.43,48.43,48.41,701,3394112.0,48.692
2026-04-22 14:31:00,0.0,48.46,48.46,48.43,734,3556070.0,48.692
2026-04-22 14:32:00,0.0,48.42,48.46,48.42,1106,5357244.0,48.691
2026-04-22 14:33:00,0.0,48.48,48.48,48.42,836,4050008.0,48.69
2026-04-22 14:34:00,0.0,48.68,48.68,48.59,3220,15651783.0,48.689
2026-04-22 14:35:00,0.0,48.69,48.72,48.67,3606,17562144.0,48.689
2026-04-22 14:36:00,0.0,48.7,48.7,48.64,1586,7719439.0,48.689
2026-04-22 14:37:00,0.0,48.6,48.7,48.6,1465,7127413.0,48.689
2026-04-22 14:38:00,0.0,48.67,48.7,48.6,991,4818677.0,48.689
2026-04-22 14:39:00,0.0,48.66,48.69,48.64,1471,7160235.0,48.689
2026-04-22 14:40:00,0.0,48.72,48.76,48.67,3543,17260914.0,48.689
2026-04-22 14:41:00,0.0,48.67,48.72,48.67,1961,9548803.0,48.689
2026-04-22 14:42:00,0.0,48.73,48.76,48.66,1826,8900200.0,48.69
2026-04-22 14:43:00,0.0,48.78,48.81,48.73,2027,9887579.0,48.69
2026-04-22 14:44:00,0.0,48.75,48.78,48.74,1951,9511807.0,48.691
2026-04-22 14:45:00,0.0,48.75,48.75,48.72,1105,5385179.0,48.691
2026-04-22 14:46:00,0.0,48.74,48.75,48.72,1583,7715068.0,48.691
2026-04-22 14:47:00,0.0,48.73,48.74,48.71,1741,8483359.0,48.691
2026-04-22 14:48:00,0.0,48.74,48.75,48.73,1765,8601975.0,48.691
2026-04-22 14:49:00,0.0,48.75,48.75,48.73,1671,8145209.0,48.692
2026-04-22 14:50:00,0.0,48.76,48.76,48.75,1954,9526432.0,48.692
2026-04-22 14:51:00,0.0,48.76,48.76,48.75,1714,8356690.0,48.692
2026-04-22 14:52:00,0.0,48.71,48.76,48.71,2818,13733298.0,48.693
2026-04-22 14:53:00,0.0,48.63,48.71,48.6,3364,16373873.0,48.692
2026-04-22 14:54:00,0.0,48.7,48.71,48.63,1720,8372407.0,48.692
2026-04-22 14:55:00,0.0,48.7,48.71,48.69,1924,9369024.0,48.692
2026-04-22 14:56:00,0.0,48.69,48.73,48.68,2923,14235749.0,48.692
2026-04-22 14:57:00,0.0,48.74,48.74,48.69,2172,10580594.0,48.693
2026-04-22 14:58:00,0.0,48.74,48.74,48.74,23,112084.0,48.693
2026-04-22 14:59:00,0.0,48.74,48.74,48.74,0,0.0,48.693
2026-04-22 15:00:00,0.0,48.74,48.74,48.74,4363,21265262.0,48.693
2026-04-23 09:30:00,0.0,49.2,49.2,49.2,2673,13151160.0,49.2
2026-04-23 09:31:00,0.0,49.11,49.18,48.41,11218,54851079.0,48.956
2026-04-23 09:32:00,0.0,48.93,49.1,48.91,7770,38073834.0,48.971
2026-04-23 09:33:00,0.0,48.74,48.89,48.68,3948,19249955.0,48.938
2026-04-23 09:34:00,0.0,48.61,48.73,48.51,5531,26873626.0,48.875
2026-04-23 09:35:00,0.0,48.51,48.66,48.51,3120,15166312.0,48.851
2026-04-23 09:36:00,0.0,48.55,48.58,48.49,5462,26501524.0,48.805
2026-04-23 09:37:00,0.0,48.2,48.5,48.13,5920,28586127.0,48.738
2026-04-23 09:38:00,0.0,48.34,48.38,48.15,4752,22910842.0,48.689
2026-04-23 09:39:00,0.0,48.3,48.36,48.22,3552,17147148.0,48.662
2026-04-23 09:40:00,0.0,48.37,48.37,48.27,3616,17458165.0,48.638
2026-04-23 09:41:00,0.0,48.76,48.76,48.4,4143,20155804.0,48.639
2026-04-23 09:42:00,0.0,48.89,48.93,48.78,4872,23806828.0,48.655
2026-04-23 09:43:00,0.0,48.97,49.03,48.8,4635,22660233.0,48.671
2026-04-23 09:44:00,0.0,48.7,48.98,48.67,4915,23993117.0,48.68
2026-04-23 09:45:00,0.0,48.78,48.78,48.52,3327,16176851.0,48.678
2026-04-23 09:46:00,0.0,48.76,48.99,48.76,5213,25485098.0,48.691
2026-04-23 09:47:00,0.0,48.51,48.77,48.51,3562,17322587.0,48.688
2026-04-23 09:48:00,0.0,48.55,48.72,48.51,2445,11886743.0,48.686
2026-04-23 09:49:00,0.0,48.63,48.63,48.4,2206,10692597.0,48.681
2026-04-23 09:50:00,0.0,48.75,48.75,48.54,1335,6498202.0,48.681
2026-04-23 09:51:00,0.0,48.85,48.96,48.72,4541,22210133.0,48.691
2026-04-23 09:52:00,0.0,48.55,48.8,48.54,2920,14224912.0,48.692
2026-04-23 09:53:00,0.0,48.45,48.58,48.45,3093,15009965.0,48.687
2026-04-23 09:54:00,0.0,48.19,48.44,48.19,5357,25869204.0,48.668
2026-04-23 09:55:00,0.0,48.31,48.35,48.16,2937,14162006.0,48.656
2026-04-23 09:56:00,0.0,48.44,48.45,48.32,1907,9224650.0,48.652
2026-04-23 09:57:00,0.0,48.56,48.6,48.4,1699,8233032.0,48.649
2026-04-23 09:58:00,0.0,48.45,48.56,48.4,1396,6766250.0,48.647
2026-04-23 09:59:00,0.0,48.32,48.4,48.31,1414,6836032.0,48.643
2026-04-23 10:00:00,0.0,48.71,48.72,48.31,2714,13176702.0,48.641
2026-04-23 10:01:00,0.0,48.66,48.73,48.66,1970,9588746.0,48.642
2026-04-23 10:02:00,0.0,48.58,48.65,48.56,1011,4910190.0,48.641
2026-04-23 10:03:00,0.0,48.76,48.76,48.57,1569,7635400.0,48.641
2026-04-23 10:04:00,0.0,48.99,48.99,48.8,4100,20033989.0,48.648
2026-04-23 10:05:00,0.0,49.31,49.33,49.02,8999,44222644.0,48.68
2026-04-23 10:06:00,0.0,49.21,49.48,49.18,12366,60978996.0,48.731
2026-04-23 10:07:00,0.0,49.35,49.35,49.07,6678,32846587.0,48.75
2026-04-23 10:08:00,0.0,49.3,49.44,49.28,12605,62232065.0,48.796
2026-04-23 10:09:00,0.0,49.29,49.35,49.21,7991,39352075.0,48.816
2026-04-23 10:10:00,0.0,49.03,49.28,49.0,4182,20555929.0,48.824
2026-04-23 10:11:00,0.0,48.88,49.02,48.88,4432,21683098.0,48.826
2026-04-23 10:12:00,0.0,48.81,48.84,48.66,3899,19011795.0,48.825
2026-04-23 10:13:00,0.0,48.71,48.83,48.71,4354,21241422.0,48.824
2026-04-23 10:14:00,0.0,48.67,48.73,48.63,2476,12053922.0,48.822
2026-04-23 10:15:00,0.0,48.77,48.77,48.69,1713,8345777.0,48.821
2026-04-23 10:16:00,0.0,48.6,48.76,48.6,2990,14560511.0,48.819
2026-04-23 10:17:00,0.0,48.52,48.57,48.5,3011,14608180.0,48.815
2026-04-23 10:18:00,0.0,48.51,48.53,48.5,2604,12633128.0,48.811
2026-04-23 10:19:00,0.0,48.56,48.56,48.49,1602,7771474.0,48.809
2026-04-23 10:20:00,0.0,48.56,48.56,48.54,2035,9879468.0,48.806
2026-04-23 10:21:00,0.0,48.52,48.53,48.41,2938,14243590.0,48.802
2026-04-23 10:22:00,0.0,48.49,48.51,48.43,1636,7931328.0,48.8
2026-04-23 10:23:00,0.0,48.56,48.58,48.49,1485,7203221.0,48.798
2026-04-23 10:24:00,0.0,48.49,48.55,48.47,2883,13981607.0,48.794
2026-04-23 10:25:00,0.0,48.41,48.51,48.4,3743,18133671.0,48.788
2026-04-23 10:26:00,0.0,48.4,48.41,48.37,2791,13504561.0,48.783
2026-04-23 10:27:00,0.0,48.34,48.4,48.31,2706,13082532.0,48.778
2026-04-23 10:28:00,0.0,48.35,48.35,48.28,2293,11075884.0,48.773
2026-04-23 10:29:00,0.0,48.23,48.32,48.23,3229,15588495.0,48.766
2026-04-23 10:30:00,0.0,48.3,48.3,48.24,2831,13665376.0,48.761
2026-04-23 10:31:00,0.0,48.19,48.28,48.18,5444,26247245.0,48.748
2026-04-23 10:32:00,0.0,48.17,48.19,48.16,3489,16806300.0,48.74
2026-04-23 10:33:00,0.0,48.15,48.17,48.13,2898,13954439.0,48.733
2026-04-23 10:34:00,0.0,48.14,48.15,48.12,2492,11996535.0,48.728
2026-04-23 10:35:00,0.0,48.21,48.21,48.13,2291,11036293.0,48.723
2026-04-23 10:36:00,0.0,48.21,48.21,48.17,2228,10737821.0,48.718
2026-04-23 10:37:00,0.0,48.18,48.19,48.15,1392,6703257.0,48.715
2026-04-23 10:38:00,0.0,48.13,48.17,48.13,1982,9543464.0,48.711
2026-04-23 10:39:00,0.0,48.05,48.1,48.01,4810,23119276.0,48.699
2026-04-23 10:40:00,0.0,48.03,48.05,48.02,2336,11219416.0,48.693
2026-04-23 10:41:00,0.0,47.92,48.02,47.91,5211,25009851.0,48.68
2026-04-23 10:42:00,0.0,47.92,47.96,47.86,2142,10261189.0,48.674
2026-04-23 10:43:00,0.0,47.85,47.92,47.84,1938,9279958.0,48.669
2026-04-23 10:44:00,0.0,47.9,47.9,47.8,1684,8058276.0,48.664
2026-04-23 10:45:00,0.0,47.94,47.94,47.9,1183,5668284.0,48.66
2026-04-23 10:46:00,0.0,47.91,47.95,47.9,1648,7897379.0,48.656
2026-04-23 10:47:00,0.0,47.81,47.9,47.81,1714,8201471.0,48.651
2026-04-23 10:48:00,0.0,47.94,47.95,47.82,1369,6552735.0,48.647
2026-04-23 10:49:00,0.0,47.91,47.94,47.89,1045,5008097.0,48.645
2026-04-23 10:50:00,0.0,47.94,47.94,47.91,878,4207853.0,48.643
2026-04-23 10:51:00,0.0,48.04,48.04,47.95,1088,5222124.0,48.64
2026-04-23 10:52:00,0.0,47.95,48.03,47.95,1024,4915143.0,48.638
2026-04-23 10:53:00,0.0,47.95,47.98,47.9,868,4161603.0,48.636
2026-04-23 10:54:00,0.0,48.17,48.17,47.93,867,4161598.0,48.634
2026-04-23 10:55:00,0.0,48.23,48.24,48.11,865,4166425.0,48.633
2026-04-23 10:56:00,0.0,48.17,48.26,48.13,1127,5431415.0,48.631
2026-04-23 10:57:00,0.0,48.19,48.19,48.11,741,3568427.0,48.63
2026-04-23 10:58:00,0.0,48.08,48.16,48.07,1144,5505443.0,48.628
2026-04-23 10:59:00,0.0,48.08,48.11,48.08,584,2808106.0,48.627
2026-04-23 11:00:00,0.0,48.1,48.1,48.05,735,3532924.0,48.625
2026-04-23 11:01:00,0.0,48.18,48.18,48.05,496,2385522.0,48.624
2026-04-23 11:02:00,0.0,48.08,48.18,48.08,473,2276192.0,48.624
2026-04-23 11:03:00,0.0,48.12,48.12,48.05,332,1595973.0,48.623
2026-04-23 11:04:00,0.0,48.1,48.14,48.08,454,2184543.0,48.622
2026-04-23 11:05:00,0.0,48.09,48.19,48.07,562,2704349.0,48.621
2026-04-23 11:06:00,0.0,48.08,48.12,48.08,887,4265330.0,48.62
2026-04-23 11:07:00,0.0,47.9,48.08,47.9,2666,12799911.0,48.614
2026-04-23 11:08:00,0.0,48.02,48.03,47.9,519,2487852.0,48.613
2026-04-23 11:09:00,0.0,48.06,48.09,47.99,645,3097709.0,48.612
2026-04-23 11:10:00,0.0,48.05,48.09,48.01,429,2061078.0,48.611
2026-04-23 11:11:00,0.0,47.98,48.05,47.98,349,1675293.0,48.61
2026-04-23 11:12:00,0.0,47.91,47.98,47.91,616,2953166.0,48.609
2026-04-23 11:13:00,0.0,47.91,47.94,47.9,769,3684114.0,48.607
2026-04-23 11:14:00,0.0,47.95,47.97,47.88,1322,6333077.0,48.604
2026-04-23 11:15:00,0.0,48.0,48.01,47.96,456,2188975.0,48.603
2026-04-23 11:16:00,0.0,47.93,47.98,47.91,496,2376260.0,48.602
2026-04-23 11:17:00,0.0,47.85,47.9,47.85,1102,5276085.0,48.6
2026-04-23 11:18:00,0.0,47.85,47.87,47.85,1046,5004501.0,48.597
2026-04-23 11:19:00,0.0,47.81,47.84,47.81,1060,5069556.0,48.595
2026-04-23 11:20:00,0.0,47.8,47.82,47.8,1216,5813384.0,48.591
2026-04-23 11:21:00,0.0,47.87,47.87,47.8,891,4260841.0,48.589
2026-04-23 11:22:00,0.0,47.86,47.9,47.86,576,2758257.0,48.588
2026-04-23 11:23:00,0.0,47.81,47.88,47.81,836,3998331.0,48.586
2026-04-23 11:24:00,0.0,47.6,47.81,47.58,3400,16217337.0,48.576
2026-04-23 11:25:00,0.0,47.69,47.7,47.51,1823,8675593.0,48.571
2026-04-23 11:26:00,0.0,47.63,47.7,47.62,1297,6178547.0,48.567
2026-04-23 11:27:00,0.0,47.69,47.7,47.62,822,3916658.0,48.565
2026-04-23 11:28:00,0.0,47.67,47.69,47.66,662,3155941.0,48.563
2026-04-23 11:29:00,0.0,47.62,47.67,47.62,854,4068525.0,48.561
2026-04-23 11:30:00,0.0,47.59,47.62,47.59,959,4566733.0,48.558
2026-04-23 13:01:00,0.0,47.66,47.82,47.5,3360,15996941.0,48.548
2026-04-23 13:02:00,0.0,47.69,47.71,47.67,712,3394725.0,48.546
2026-04-23 13:03:00,0.0,47.52,47.68,47.52,1508,7173997.0,48.542
2026-04-23 13:04:00,0.0,47.61,47.7,47.52,1463,6958364.0,48.537
2026-04-23 13:05:00,0.0,47.61,47.64,47.59,546,2599546.0,48.536
2026-04-23 13:06:00,0.0,47.6,47.64,47.59,1063,5061628.0,48.533
2026-04-23 13:07:00,0.0,47.52,47.59,47.5,1484,7052409.0,48.528
2026-04-23 13:08:00,0.0,47.49,47.52,47.49,1199,5698141.0,48.525
2026-04-23 13:09:00,0.0,47.56,47.59,47.49,402,1910784.0,48.524
2026-04-23 13:10:00,0.0,47.67,47.7,47.56,578,2751577.0,48.522
2026-04-23 13:11:00,0.0,47.64,47.71,47.62,451,2149127.0,48.521
2026-04-23 13:12:00,0.0,47.64,47.64,47.63,339,1616507.0,48.52
2026-04-23 13:13:00,0.0,47.79,47.8,47.64,518,2473419.0,48.519
2026-04-23 13:14:00,0.0,47.86,47.86,47.78,580,2773503.0,48.518
2026-04-23 13:15:00,0.0,47.73,47.9,47.71,936,4476837.0,48.516
2026-04-23 13:16:00,0.0,47.85,47.85,47.73,663,3166647.0,48.514
2026-04-23 13:17:00,0.0,47.74,47.84,47.74,782,3738481.0,48.513
2026-04-23 13:18:00,0.0,47.7,47.76,47.7,399,1903985.0,48.512
2026-04-23 13:19:00,0.0,47.69,47.71,47.68,460,2194023.0,48.511
2026-04-23 13:20:00,0.0,47.76,47.79,47.68,372,1774602.0,48.51
2026-04-23 13:21:00,0.0,47.76,47.79,47.73,403,1924815.0,48.509
2026-04-23 13:22:00,0.0,47.76,47.77,47.75,280,1335184.0,48.508
2026-04-23 13:23:00,0.0,47.63,47.76,47.63,1037,4948732.0,48.506
2026-04-23 13:24:00,0.0,47.59,47.65,47.59,496,2360062.0,48.505
2026-04-23 13:25:00,0.0,47.54,47.59,47.53,559,2658136.0,48.503
2026-04-23 13:26:00,0.0,47.54,47.6,47.52,949,4512260.0,48.5
2026-04-23 13:27:00,0.0,47.57,47.57,47.53,504,2396802.0,48.499
2026-04-23 13:28:00,0.0,47.57,47.58,47.55,611,2905711.0,48.497
2026-04-23 13:29:00,0.0,47.59,47.64,47.57,497,2368089.0,48.496
2026-04-23 13:30:00,0.0,47.7,47.7,47.58,1263,6014507.0,48.493
2026-04-23 13:31:00,0.0,47.63,47.7,47.59,750,3571209.0,48.491
2026-04-23 13:32:00,0.0,47.72,47.76,47.61,503,2397295.0,48.49
2026-04-23 13:33:00,0.0,47.72,47.75,47.71,518,2472505.0,48.489
2026-04-23 13:34:00,0.0,47.68,47.75,47.67,616,2940437.0,48.487
2026-04-23 13:35:00,0.0,47.75,47.79,47.7,755,3605112.0,48.486
2026-04-23 13:36:00,0.0,47.79,47.8,47.76,656,3134649.0,48.484
2026-04-23 13:37:00,0.0,47.8,47.8,47.78,805,3847080.0,48.483
2026-04-23 13:38:00,0.0,47.77,47.84,47.77,537,2567212.0,48.482
2026-04-23 13:39:00,0.0,47.75,47.8,47.75,496,2369351.0,48.481
2026-04-23 13:40:00,0.0,47.71,47.75,47.71,549,2620348.0,48.48
2026-04-23 13:41:00,0.0,47.67,47.71,47.67,366,1745449.0,48.479
2026-04-23 13:42:00,0.0,47.72,47.73,47.68,497,2370134.0,48.478
2026-04-23 13:43:00,0.0,47.84,47.84,47.72,345,1651089.0,48.477
2026-04-23 13:44:00,0.0,47.81,47.84,47.8,380,1817144.0,48.476
2026-04-23 13:45:00,0.0,47.85,47.85,47.73,1126,5382522.0,48.474
2026-04-23 13:46:00,0.0,47.83,47.85,47.81,530,2534620.0,48.473
2026-04-23 13:47:00,0.0,47.92,47.94,47.83,542,2595560.0,48.472
2026-04-23 13:48:00,0.0,47.85,47.92,47.83,469,2245593.0,48.472
2026-04-23 13:49:00,0.0,47.88,47.88,47.85,339,1622828.0,48.471
2026-04-23 13:50:00,0.0,47.88,47.91,47.87,584,2796740.0,48.47
2026-04-23 13:51:00,0.0,47.95,47.95,47.88,664,3181340.0,48.469
2026-04-23 13:52:00,0.0,47.89,47.95,47.88,324,1552185.0,48.469
2026-04-23 13:53:00,0.0,47.82,47.89,47.82,496,2374368.0,48.468
2026-04-23 13:54:00,0.0,47.75,47.82,47.75,457,2184187.0,48.467
2026-04-23 13:55:00,0.0,47.8,47.8,47.71,624,2979641.0,48.466
2026-04-23 13:56:00,0.0,47.88,47.88,47.8,283,1353781.0,48.465
2026-04-23 13:57:00,0.0,47.84,47.88,47.84,286,1368809.0,48.465
2026-04-23 13:58:00,0.0,47.92,47.92,47.84,457,2187682.0,48.464
2026-04-23 13:59:00,0.0,47.96,47.97,47.92,365,1749376.0,48.463
2026-04-23 14:00:00,0.0,47.99,47.99,47.96,734,3521682.0,48.462
2026-04-23 14:01:00,0.0,48.01,48.08,47.99,1019,4894367.0,48.461
2026-04-23 14:02:00,0.0,47.95,48.01,47.95,561,2692884.0,48.461
2026-04-23 14:03:00,0.0,47.9,48.0,47.9,1824,8750271.0,48.458
2026-04-23 14:04:00,0.0,47.88,47.95,47.88,735,3521990.0,48.457
2026-04-23 14:05:00,0.0,47.9,47.91,47.88,303,1451053.0,48.457
2026-04-23 14:06:00,0.0,47.82,47.9,47.82,443,2119914.0,48.456
2026-04-23 14:07:00,0.0,47.82,47.83,47.8,260,1243291.0,48.455
2026-04-23 14:08:00,0.0,47.82,47.85,47.82,410,1960910.0,48.455
2026-04-23 14:09:00,0.0,47.78,47.82,47.77,441,2108185.0,48.454
2026-04-23 14:10:00,0.0,47.76,47.78,47.75,547,2612715.0,48.453
2026-04-23 14:11:00,0.0,47.82,47.82,47.76,282,1347769.0,48.452
2026-04-23 14:12:00,0.0,47.82,47.86,47.81,502,2401452.0,48.452
2026-04-23 14:13:00,0.0,47.79,47.83,47.79,297,1419958.0,48.451
2026-04-23 14:14:00,0.0,47.74,47.79,47.74,677,3233614.0,48.45
2026-04-23 14:15:00,0.0,47.72,47.76,47.7,797,3803865.0,48.448
2026-04-23 14:16:00,0.0,47.72,47.75,47.71,396,1890141.0,48.448
2026-04-23 14:17:00,0.0,47.7,47.72,47.69,741,3534898.0,48.446
2026-04-23 14:18:00,0.0,47.7,47.72,47.69,426,2032098.0,48.445
2026-04-23 14:19:00,0.0,47.69,47.7,47.69,462,2203562.0,48.444
2026-04-23 14:20:00,0.0,47.67,47.69,47.66,639,3046402.0,48.443
2026-04-23 14:21:00,0.0,47.61,47.66,47.61,1180,5621460.0,48.441
2026-04-23 14:22:00,0.0,47.62,47.62,47.59,1137,5411628.0,48.438
2026-04-23 14:23:00,0.0,47.66,47.66,47.6,593,2824085.0,48.437
2026-04-23 14:24:00,0.0,47.64,47.67,47.64,742,3536166.0,48.435
2026-04-23 14:25:00,0.0,47.62,47.64,47.61,369,1757210.0,48.434
2026-04-23 14:26:00,0.0,47.7,47.7,47.62,407,1939564.0,48.434
2026-04-23 14:27:00,0.0,47.72,47.74,47.71,619,2954073.0,48.432
2026-04-23 14:28:00,0.0,47.69,47.74,47.67,674,3215742.0,48.431
2026-04-23 14:29:00,0.0,47.69,47.7,47.67,304,1449639.0,48.431
2026-04-23 14:30:00,0.0,47.65,47.68,47.65,314,1496755.0,48.43
2026-04-23 14:31:00,0.0,47.52,47.65,47.51,2731,12990351.0,48.424
2026-04-23 14:32:00,0.0,47.51,47.55,47.51,1856,8817986.0,48.42
2026-04-23 14:33:00,0.0,47.53,47.55,47.51,868,4124766.0,48.417
2026-04-23 14:34:00,0.0,47.54,47.58,47.53,504,2396390.0,48.416
2026-04-23 14:35:00,0.0,47.56,47.57,47.54,699,3324293.0,48.415
2026-04-23 14:36:00,0.0,47.55,47.56,47.53,729,3465700.0,48.413
2026-04-23 14:37:00,0.0,47.58,47.58,47.53,714,3395925.0,48.412
2026-04-23 14:38:00,0.0,47.61,47.65,47.58,1082,5150684.0,48.409
2026-04-23 14:39:00,0.0,47.69,47.7,47.62,435,2072853.0,48.409
2026-04-23 14:40:00,0.0,47.65,47.7,47.65,460,2192835.0,48.408
2026-04-23 14:41:00,0.0,47.62,47.67,47.62,894,4258737.0,48.406
2026-04-23 14:42:00,0.0,47.65,47.66,47.64,615,2930069.0,48.405
2026-04-23 14:43:00,0.0,47.69,47.7,47.64,550,2621995.0,48.404
2026-04-23 14:44:00,0.0,47.79,47.79,47.69,688,3284641.0,48.403
2026-04-23 14:45:00,0.0,47.7,47.76,47.69,960,4581751.0,48.401
2026-04-23 14:46:00,0.0,47.71,47.74,47.65,1432,6830899.0,48.398
2026-04-23 14:47:00,0.0,47.78,47.78,47.69,820,3914550.0,48.397
2026-04-23 14:48:00,0.0,47.77,47.78,47.74,885,4226300.0,48.396
2026-04-23 14:49:00,0.0,47.7,47.77,47.7,751,3586411.0,48.394
2026-04-23 14:50:00,0.0,47.64,47.72,47.64,1443,6880733.0,48.392
2026-04-23 14:51:00,0.0,47.7,47.7,47.67,1764,8414019.0,48.389
2026-04-23 14:52:00,0.0,47.66,47.72,47.66,1133,5402002.0,48.387
2026-04-23 14:53:00,0.0,47.62,47.66,47.62,1759,8382142.0,48.384
2026-04-23 14:54:00,0.0,47.55,47.64,47.55,1408,6701854.0,48.381
2026-04-23 14:55:00,0.0,47.54,47.57,47.53,3625,17235484.0,48.374
2026-04-23 14:56:00,0.0,47.66,47.7,47.56,2772,13206715.0,48.369
2026-04-23 14:57:00,0.0,47.61,47.68,47.6,2208,10517932.0,48.365
2026-04-23 14:58:00,0.0,47.62,47.62,47.62,5,23810.0,48.365
2026-04-23 14:59:00,0.0,47.62,47.62,47.62,0,0.0,48.365
2026-04-23 15:00:00,0.0,47.6,47.62,47.6,2237,10646739.0,48.361
2026-04-24 09:30:00,46.89,46.89,46.89,46.89,5223,24490647.0,46.89
2026-04-24 09:31:00,46.83,46.62,47.0,46.23,10869,50570060.0,46.645
2026-04-24 09:32:00,46.59,46.15,46.59,46.15,8124,37691689.0,46.56
2026-04-24 09:33:00,46.11,46.1,46.19,45.89,15485,71295098.0,46.358
2026-04-24 09:34:00,46.05,45.69,46.17,45.62,9198,42244632.0,46.277
2026-04-24 09:35:00,45.69,45.76,45.8,45.6,12002,54829460.0,46.16
2026-04-24 09:36:00,45.76,45.71,45.8,45.63,7862,35928302.0,46.107
2026-04-24 09:37:00,45.59,45.38,45.59,45.31,10532,47852740.0,46.018
2026-04-24 09:38:00,45.36,45.03,45.36,45.02,9531,43068774.0,45.929
2026-04-24 09:39:00,45.08,45.18,45.2,45.01,10365,46720185.0,45.84
2026-04-24 09:40:00,45.19,45.22,45.23,45.13,5067,22885213.0,45.807
2026-04-24 09:41:00,45.28,45.08,45.29,45.08,4510,20393118.0,45.782
2026-04-24 09:42:00,45.08,45.24,45.28,44.96,9827,44287752.0,45.723
2026-04-24 09:43:00,45.24,45.46,45.46,45.24,4209,19057519.0,45.708
2026-04-24 09:44:00,45.5,45.61,45.67,45.5,3018,13764798.0,45.706
2026-04-24 09:45:00,45.6,45.58,45.6,45.4,3418,15556382.0,45.7
2026-04-24 09:46:00,45.61,45.68,45.77,45.6,3465,15821240.0,45.7
2026-04-24 09:47:00,45.66,45.57,45.73,45.57,3115,14222577.0,45.699
2026-04-24 09:48:00,45.57,45.37,45.57,45.35,3527,16012656.0,45.691
2026-04-24 09:49:00,45.4,45.48,45.58,45.4,3712,16893038.0,45.686
2026-04-24 09:50:00,45.46,45.4,45.5,45.37,2413,10968661.0,45.683
2026-04-24 09:51:00,45.4,45.3,45.4,45.28,2290,10379122.0,45.677
2026-04-24 09:52:00,45.3,45.4,45.41,45.3,2268,10288159.0,45.672
2026-04-24 09:53:00,45.47,45.34,45.47,45.32,1739,7888631.0,45.669
2026-04-24 09:54:00,45.35,45.45,45.5,45.35,2626,11928002.0,45.664
2026-04-24 09:55:00,45.43,45.49,45.49,45.37,1210,5495823.0,45.662
2026-04-24 09:56:00,45.49,45.36,45.52,45.36,1789,8125443.0,45.66
2026-04-24 09:57:00,45.37,45.38,45.4,45.34,1478,6703331.0,45.657
2026-04-24 09:58:00,45.37,45.49,45.5,45.37,1677,7620163.0,45.655
2026-04-24 09:59:00,45.49,45.53,45.53,45.45,1151,5233757.0,45.653
2026-04-24 10:00:00,45.53,45.59,45.59,45.5,1041,4740987.0,45.653
2026-04-24 10:01:00,45.58,45.39,45.58,45.39,1662,7552016.0,45.65
2026-04-24 10:02:00,45.39,45.44,45.49,45.36,2266,10293305.0,45.647
2026-04-24 10:03:00,45.44,45.34,45.44,45.34,1537,6972916.0,45.645
2026-04-24 10:04:00,45.34,45.4,45.45,45.32,2687,12187825.0,45.64
2026-04-24 10:05:00,45.39,45.42,45.42,45.31,1832,8309128.0,45.637
2026-04-24 10:06:00,45.34,45.23,45.34,45.21,2852,12909921.0,45.631
2026-04-24 10:07:00,45.25,45.17,45.25,45.17,1917,8664765.0,45.627
2026-04-24 10:08:00,45.18,45.21,45.22,45.17,2173,9819841.0,45.621
2026-04-24 10:09:00,45.23,45.29,45.3,45.21,1907,8626468.0,45.617
2026-04-24 10:10:00,45.27,45.3,45.31,45.27,1191,5393439.0,45.615
2026-04-24 10:11:00,45.29,45.33,45.33,45.26,993,4496552.0,45.613
2026-04-24 10:12:00,45.36,45.3,45.39,45.29,424,1922152.0,45.613
